SentenceID	Sentiment
7971	0
2912	2
1152	2
4551	2
5809	0
4967	0
6540	2
3790	2
2165	0
2520	2
3555	0
1207	0
1243	2
5980	2
2322	0
6808	2
5700	0
3602	2
6885	2
2083	0
6424	1
1043	0
1026	2
4979	2
2321	2
3830	2
5760	2
2833	0
7771	2
1069	0
6038	1
1940	1
6299	0
2454	2
2464	2
2898	2
7177	0
560	2
4973	0
4155	0
6207	0
540	1
3375	1
1555	2
122	2
3369	2
6185	2
6271	2
2830	1
6882	0
5918	2
5049	2
1896	2
2271	2
6663	2
4493	0
4241	0
2017	2
1683	2
8153	0
4481	0
694	2
6451	0
6894	0
2940	2
8056	0
84	2
3177	0
5188	0
4874	0
6887	0
4094	0
4287	2
1757	0
5369	2
955	2
4338	2
849	2
5486	0
4620	0
210	0
2037	0
7481	2
7029	0
8242	0
7840	2
628	0
170	2
4923	1
4694	2
8032	2
1450	1
6991	0
4910	0
4898	0
3620	2
5870	0
6295	0
7461	2
4014	2
936	0
4415	0
7710	2
5923	2
172	0
7751	0
4100	0
6541	0
8154	2
7815	0
5304	0
1464	0
1059	2
3209	0
4158	0
4279	2
4169	0
7246	2
2964	1
4262	0
3000	2
2858	0
2177	0
4505	2
6507	2
7742	2
3634	0
8222	2
4724	0
253	1
4543	2
6893	0
3136	1
5292	1
1995	0
5386	2
2642	1
1226	2
2481	2
4763	2
3538	0
6227	0
7231	2
3766	0
8107	1
7934	2
8196	2
1617	2
1601	2
5075	0
2585	2
7277	0
7485	1
3522	0
5947	2
4134	0
7714	0
688	2
2214	2
3126	2
7450	2
7988	2
303	1
446	2
205	2
3946	2
3099	2
4177	0
7869	0
2022	1
6152	0
5843	0
4926	2
4086	0
6166	2
351	1
5350	0
8095	2
5711	2
166	2
6111	0
783	2
7206	2
659	0
3165	1
4194	0
7123	0
3526	2
3344	2
3044	2
4630	0
2171	2
3979	0
978	2
1097	2
1468	2
6055	0
2237	0
7740	0
5010	2
3735	0
6579	2
486	0
6857	2
4406	0
3612	2
2807	2
5820	2
6469	2
3794	0
3016	0
6083	0
6892	0
6186	0
864	0
2136	0
3102	0
3950	2
2333	0
2044	2
10	1
5331	0
4629	2
1231	0
269	2
780	0
3247	2
294	2
6832	0
5473	2
3513	2
3427	0
6601	2
5219	1
7946	1
7876	2
840	2
7394	0
2560	2
5842	1
2955	0
5518	0
4965	1
7118	2
793	0
4852	0
3025	0
852	2
7547	0
2026	0
4537	0
5293	0
6737	2
2654	0
6875	2
6586	0
1369	0
1726	2
5088	2
3162	0
8170	2
3473	1
4690	2
2247	0
2392	0
275	0
8504	0
7777	2
6235	0
7317	1
4527	0
6532	2
1343	0
2361	0
6624	0
7298	2
2580	2
8472	0
3980	0
2477	0
3118	0
6171	2
6834	2
7789	2
3318	0
5152	0
3798	1
8368	0
1660	0
2072	0
4450	2
8501	2
6397	1
3788	0
7493	0
629	2
6364	0
8027	2
1839	2
4998	0
2597	0
3299	2
7608	0
3996	0
199	0
3989	0
3518	2
6771	2
1668	2
3456	2
7725	2
4286	0
4651	0
8510	2
7217	2
3334	2
4264	2
3108	0
1938	2
7444	0
1993	1
1259	2
3424	2
2921	2
7355	0
4578	2
5710	0
2051	1
8421	1
2874	0
6850	2
8525	0
391	2
1222	1
2666	0
597	2
5166	2
6603	2
8026	0
1923	2
4872	2
6905	0
6456	0
7128	0
4496	1
335	2
1220	1
3776	0
1149	1
2076	2
1116	2
3289	0
3617	0
5788	2
259	2
4736	2
984	1
3587	2
7096	1
7801	2
2445	2
2655	0
7480	0
3891	0
6436	0
6117	0
4320	0
4804	0
5886	2
1394	0
7370	0
709	2
1322	0
7671	2
1524	0
5609	0
2752	2
3824	0
8171	0
6319	1
881	0
6990	0
2913	2
6544	2
1106	2
8163	0
4607	2
1117	0
4130	0
2819	2
2892	0
6236	2
1179	0
5379	1
2168	2
5093	2
8391	1
1659	1
2485	1
6188	2
3066	0
639	2
3404	2
233	0
4835	0
5284	0
8008	1
564	0
4269	0
7767	0
3668	2
2775	2
5125	2
4054	0
6933	2
5121	0
1180	2
6409	0
4492	0
1786	0
3590	0
6305	2
8402	2
8515	2
1109	0
7105	2
3065	1
4265	2
2972	2
4681	1
5943	2
5267	2
3010	0
5734	2
6460	2
2079	2
8492	2
2600	0
2573	2
5794	0
3975	0
3999	0
2663	2
8387	0
2479	2
7692	2
1423	2
4330	0
990	2
6301	0
5041	0
2739	1
7859	0
1599	2
8093	2
2419	2
6425	2
763	2
1692	0
4792	2
8327	0
4541	0
1362	2
4779	0
8019	2
6337	2
5078	0
4377	0
7209	0
5831	2
5616	2
8376	2
4263	0
7754	2
7684	0
2836	0
7411	1
5402	2
5469	2
7939	1
2760	0
2113	2
7517	2
326	0
6340	2
5683	2
7058	0
1535	0
3169	0
842	0
5109	0
2532	2
4311	2
7021	2
3409	2
6781	1
7323	0
1826	0
3310	0
7045	2
3245	0
4026	1
4237	1
7650	0
1539	2
7628	2
4244	0
5584	0
3184	1
3952	2
4844	0
2091	0
4760	2
7502	0
5308	0
3457	0
3464	0
6756	2
3622	2
2840	2
1313	2
2425	2
2269	0
1926	0
4693	1
7062	0
3086	2
1410	2
3176	0
1122	1
8064	2
6864	2
6974	1
8308	1
8384	2
140	0
5394	1
954	1
5447	2
2523	0
8138	2
6491	0
3944	0
1224	2
488	1
6250	2
1425	2
3250	2
5618	0
7744	1
7285	0
7871	2
7732	0
466	2
2613	0
1229	2
8436	2
2383	2
265	0
3413	0
1869	0
7031	0
2358	0
7111	2
5309	1
4172	2
7326	2
1374	2
1799	0
2753	2
2834	1
8358	1
2319	2
3769	0
5890	0
131	0
7957	2
1883	0
6477	2
6963	1
8455	0
2543	0
664	2
1550	0
6539	0
6902	2
726	0
2397	0
6074	0
6024	0
4565	2
7134	0
7845	2
1458	0
2254	2
580	0
2027	0
795	2
5490	0
517	2
26	2
2908	2
529	2
3676	2
185	1
5883	2
1014	0
4490	1
8188	2
5827	0
3553	2
6930	1
4469	2
6658	2
8508	0
4632	2
7290	2
3104	0
5497	0
7219	0
8304	0
4317	0
4654	0
642	1
2549	2
645	2
7872	0
3922	0
4399	2
3899	0
4854	0
7240	0
7385	0
5519	2
5638	1
2850	0
3423	0
7043	2
4358	2
6452	1
5593	2
1213	2
4699	1
8416	2
1172	0
390	0
4588	2
8236	2
7629	2
5858	1
272	0
2709	0
1597	0
4487	0
3377	0
4788	0
4790	0
5434	2
2006	2
318	2
7207	2
287	0
8345	2
2509	2
6839	2
5029	1
8439	1
3672	0
2175	2
3146	2
6790	2
7063	0
1044	2
4261	2
4595	2
5100	0
5650	2
339	1
3012	0
7592	1
6362	1
6510	2
4456	1
334	2
5747	2
6155	2
8378	0
4049	2
5636	2
4962	0
784	0
3932	2
5405	2
6787	0
7578	2
1169	2
2242	0
86	0
1638	0
1773	0
152	0
7230	2
1743	1
5020	0
4544	2
4075	2
6837	2
5647	1
582	0
7179	2
6499	2
1194	0
5619	2
5690	2
3859	2
712	0
7115	0
2039	0
228	0
6889	1
485	1
3643	1
4894	1
5580	0
2374	1
7163	1
6965	2
3595	2
3181	0
6087	0
1029	2
4919	2
3670	2
4866	1
4212	0
2640	2
7642	0
6312	0
8175	0
2278	2
2676	0
4468	2
2459	2
1837	0
6403	0
2927	0
3224	2
3130	2
2476	2
5857	0
132	2
3872	0
1568	2
4331	0
6995	0
5902	2
4171	2
1516	2
4731	2
416	1
8118	0
15	2
3286	0
3987	0
8343	1
8512	2
6398	0
7750	0
7605	1
3249	2
6519	0
8123	0
3033	0
5016	2
7162	2
2511	0
5312	1
1336	0
8043	2
179	2
5553	0
6607	2
1391	0
4663	2
4623	0
1514	0
4238	2
947	2
1596	2
2384	2
7914	2
3867	2
5872	2
4112	0
905	0
5148	0
1330	2
3389	0
361	0
2745	2
6039	2
762	2
1496	0
3800	0
4235	2
2245	0
5436	2
2411	1
2351	1
4678	2
1934	2
3947	0
998	2
5356	0
8031	2
8467	0
6936	0
3201	2
4125	0
2562	0
7693	2
4562	0
1556	0
7200	2
2731	2
5	2
320	2
5881	0
1478	2
7844	2
1658	0
2922	0
1794	0
4308	0
4009	1
4886	1
2366	2
1157	2
2469	2
826	2
2531	2
613	2
1471	2
6375	2
4164	2
6196	0
5259	1
7335	1
4071	2
203	0
4768	2
4861	2
5530	2
6036	2
7905	2
4411	2
3933	0
1836	0
88	2
6381	2
5492	2
4949	2
8346	0
1772	2
4757	2
3506	0
547	2
1227	2
5801	0
4986	0
13	2
7348	2
1166	2
7414	2
5582	0
2905	0
3941	0
2822	2
5808	2
1200	0
5358	0
1384	0
4801	2
342	1
468	0
1012	0
7944	1
1573	2
8403	1
586	2
5051	2
7548	2
1477	0
6412	2
159	0
4268	2
5634	2
4495	0
1311	0
1595	1
1507	2
6331	2
3123	1
6322	2
2644	2
4994	2
3782	2
5278	1
3441	0
356	2
5026	0
6135	0
8438	2
7288	0
6551	2
8167	2
2156	2
3770	2
1887	0
4131	2
8381	1
1461	2
3520	2
6868	1
8364	2
2697	2
2577	2
5694	2
71	1
8203	2
5825	2
6336	0
2816	0
1372	2
4258	1
6249	2
6439	2
6400	0
6254	2
8372	2
2195	1
91	0
5122	0
2265	2
3585	2
5058	0
7843	2
5214	0
634	2
8113	0
630	2
6457	2
2622	2
4771	2
6470	1
1910	0
2513	0
2512	2
5341	2
5586	2
2729	0
7703	1
5427	0
3316	0
500	0
4010	2
4283	2
1880	0
4176	1
3750	1
1504	2
4179	2
8380	1
4737	2
1058	0
2761	1
2847	0
1154	1
891	2
7356	2
8174	1
449	0
7295	1
1750	2
3131	0
8185	0
2947	0
1081	0
479	1
2291	0
3924	2
3831	2
4917	0
54	0
3914	0
3557	0
7704	2
3524	2
3070	2
3303	0
